{"array":{"len":100,"vec":[0.031702231315849386,0.03186275202149813,0.03202573604043636,0.032191247027107774,0.03235935096289057,0.03253011626661978,0.032703613911594175,0.032879917549522054,0.033059103641898006,0.033241251599342436,0.033426443929480895,0.03361476639398875,0.03380630817548002,0.03400116205497827,0.034199424600771584,0.03440119636952504,0.03460658212060204,0.034815691044632134,0.035028637007458466,0.0352455388107026,0.03546652047030179,0.035691711514501935,0.03592124730293329,0.036155269368554475,0.03639392578442757,0.036637371557483804,0.036885769051658926,0.037139288443023145,0.03739810820980415,0.03766241566050994,0.03793240750370233,0.03820829046335989,0.038490281944205146,0.03877861075186222,0.03907351787326677,0.039375257323377905,0.03968409706495364,0.040000320008960345,0.04032422510410534,0.04065612852503142,0.040996364969908515,0.0413452890795295,0.04170327699158942,0.042070728045635955,0.04244806665626327,0.04283574437452929,0.04323424216036498,0.04364407289198337,0.044065784142065946,0.04449996125490658,0.04494723076384833,0.04540826419440216,0.045883782305569026,0.04637455983031656,0.04688143078615818,0.047405294438678955,0.047947122015062016,0.04850796428170482,0.04908896012052197,0.04969134626331739,0.0503164683737002,0.050965793702714236,0.051640925589316614,0.052343620132213754,0.05307580542811381,0.05383960385678647,0.05463735800016493,0.055471660917326485,0.05634539166786168,0.05726175719404725,0.05822434195247435,0.05923716704897804,0.06030476110530552,0.06143224571157682,0.06262543915104053,0.06389098320244584,0.06523649934531328,0.06667078278235504,0.06820404560037747,0.06984822449169763,0.07161737432814574,0.07352817741829673,0.07560061091868815,0.07785883394635602,0.08033238535152537,0.08305782954333168,0.08608106304157047,0.0894606201776115,0.09327253368036136,0.0976176963403031,0.10263340389897241,0.10851221410119583,0.11553432893168061,0.1241267145851841,0.13497977610987033,0.14930249830573192,0.16946594905685683,0.201017924004563,0.26197165745843737,0.5823650160603154]},"units":{"system":"CGS","length":0,"mass":0,"amount_of_substance":0,"time":0,"temperature":0,"electric_current":0,"light_intensity":0}}
