{"array":{"len":10,"vec":[0.3245553203367587,0.34314575050761975,0.36535162736319887,0.3925231365628242,0.4268435305667725,0.4721359549995434,0.5358983848617309,0.6356744903730547,0.8284271199780997,1.8415998803511662]},"units":{"system":"CGS","length":0,"mass":0,"amount_of_substance":0,"time":0,"temperature":0,"electric_current":0,"light_intensity":0}}
