{"array":{"len":300,"vec":[0.010549724309252238,0.010567380788672712,0.010585126217924432,0.010602961346377835,0.010620886932271709,0.010638903742848588,0.010657012554492664,0.010675214152870335,0.010693509333073364,0.010711898899764757,0.01073038366732741,0.010748964460015602,0.010767642112109354,0.010786417468071777,0.010805291382709433,0.010824264721335793,0.010843338359937876,0.01086251318534612,0.010881790095407563,0.010901169999162429,0.01092065381702418,0.01094024248096313,0.010959936934693673,0.010979738133865246,0.010999647046257112,0.01101966465197702,0.011039791943663875,0.011060029926694474,0.011080379619394455,0.011100842053253505,0.011121418273144966,0.011142109337549938,0.01116291631878599,0.011183840303240567,0.011204882391609244,0.011226043699138936,0.011247325355876154,0.011268728506920485,0.011290254312683386,0.01131190394915243,0.011333678608161165,0.011355579497664683,0.011377607842021107,0.011399764882279072,0.011422051876471407,0.011444470099915144,0.011467020845518058,0.011489705424091841,0.011512525164672145,0.011535481414845639,0.011558575541084247,0.011581808929086817,0.011605182984128343,0.011628699131416974,0.011652358816459034,0.011676163505432213,0.011700114685567217,0.011724213865538033,0.011748462575861077,0.011772862369303493,0.011797414821300757,0.011822121530383986,0.011846984118617041,0.011872004232043853,0.011897183541146153,0.011922523741311933,0.01194802655331494,0.011973693723805474,0.011999527025812876,0.012025528259259946,0.012051699251489701,0.012078041857804825,0.012104557962020073,0.012131249477028153,0.012158118345379344,0.01218516653987533,0.012212396064177594,0.012239808953430874,0.012267407274902066,0.012295193128635033,0.012323168648121828,0.012351336000990773,0.012379697389711923,0.012408255052320445,0.012437011263158423,0.01246596833363566,0.012495128613010064,0.01252449448918822,0.012554068389546726,0.012583852781774992,0.012613850174740137,0.012644063119374641,0.012674494209587545,0.012705146083199866,0.012736021422905012,0.012767122957255005,0.012798453461673335,0.012830015759495269,0.012861812723036542,0.012893847274691315,0.012926122388060375,0.012958641089110531,0.012991406457366314,0.013024421627134904,0.013057689788765564,0.013091214189944578,0.013124998137026994,0.013159044996406325,0.013193358195923578,0.013227941226316889,0.013262797642713178,0.013297931066163284,0.013333345185222056,0.013369043757574996,0.013405030611713045,0.013441309648657248,0.013477884843735048,0.013514760248410014,0.013551939992166964,0.013589428284454442,0.013627229416686627,0.013665347764306867,0.013703787788915015,0.013742554040461022,0.013781651159507139,0.013821083879561335,0.013860857029484567,0.013900975535974733,0.013941444426130115,0.013982268830095445,0.014023453983793682,0.014065005231746815,0.0141069280299892,0.014149227949076935,0.014191910677197144,0.014234982023381042,0.01427844792082491,0.014322314430323339,0.014366587743819173,0.014411274188074972,0.014456380228470827,0.01450191247293379,0.014547877676004297,0.014594282743045287,0.01464113473459995,0.014688440870904379,0.014736208536561615,0.014784445285384053,0.014833158845411313,0.014882357124111208,0.014932048213771747,0.01498224039709249,0.015032942152984093,0.015084162162585154,0.015135909315506188,0.015188192716310818,0.015241021691244949,0.01529440579522526,0.015348354819098816,0.015402878797186395,0.01545798801512272,0.015513693018007445,0.015570004618881632,0.01562693390754516,0.015684492259731387,0.0157426913466563,0.015801543144960364,0.015861059947062293,0.015921254371945064,0.015982139376395657,0.016043728266721295,0.016106034710966163,0.016169072751654145,0.016232856819084512,0.01629740174520919,0.016362722778121834,0.016428835597190945,0.016495756328871042,0.01656350156322818,0.016632088371218164,0.016701534322758452,0.016771857505637044,0.016843076545304703,0.016915210625599583,0.016988279510456693,0.017062303566657964,0.017137303787682374,0.017213301818719568,0.01729031998291467,0.01736838130891651,0.01744750955980651,0.017527729263490728,0.01760906574464333,0.017691545158296015,0.017775194525174468,0.017860041768890406,0.01794611575510531,0.01803344633279074,0.018122064377719033,0.018212001838328464,0.018303291784117427,0.01839596845673424,0.01849006732394183,0.01858562513665041,0.018682679989226448,0.01878127138330276,0.01888144029533248,0.01898322924814926,0.01908668238681755,0.019191845559080434,0.019298766400737726,0.019407494426315786,0.01951808112542084,0.019630580065201797,0.01974504699938578,0.019861539984390456,0.01998011950306247,0.020100848596641206,0.020223793005601835,0.020349021320092548,0.02047660514074811,0.02060661925073616,0.020739141799975654,0.020874254502558354,0.02101204284850652,0.021152596331113608,0.02129600869124165,0.021442378180090566,0.02159180784211318,0.02174440581992699,0.021900285683273114,0.022059566784296242,0.02222237464167143,0.022388841356387367,0.022559106062316224,0.022733315415063012,0.022911624122998225,0.023094195524844426,0.023281202218718284,0.02347282674813491,0.02366926235117282,0.02387071377978925,0.024077398197183672,0.024289546162151454,0.024507402710572782,0.024731228545572484,0.024961301349496187,0.025197917232718248,0.025441392336473717,0.02569206460944823,0.02595029578083606,0.026216473556071727,0.02649101406555847,0.026774364601583674,0.02706700668438323,0.027369459505184764,0.02768228380226389,0.028006086235883028,0.028341524339822167,0.0286893121415212,0.0290502265602271,0.029425114713724998,0.029814902290193377,0.030220603173693128,0.030643330551377714,0.031084309779778472,0.031544893349205176,0.03202657836301409,0.03253102704703484,0.033060090930254166,0.033615839499649885,0.0342005943417583,0.03481697005756421,0.035467923598502114,0.03615681415197178,0.03688747635072196,0.037664310458005466,0.03849239438647575,0.03937762408719944,0.040326891212699036,0.04134831034700913,0.04245151302547617,0.04364803306480477,0.04495181873771902,0.04637992430734792,0.04795346024514859,0.04969892491917984,0.05165011314141488,0.05385092242835506,0.056359603259745136,0.0592554233689193,0.06264955602168772,0.06670377590934856,0.0716645920793799,0.07793061007218906,0.08619983758749798,0.09784121130645172,0.11605775253597427,0.1512494069536815,0.3362285987890762]},"units":{"system":"CGS","length":0,"mass":0,"amount_of_substance":0,"time":0,"temperature":0,"electric_current":0,"light_intensity":0}}
