{"array":{"len":30,"vec":[0.10630261827754862,0.10815177545142336,0.1101009266077867,0.11215942244810209,0.11433788565564025,0.11664844240387745,0.11910500754699695,0.121723638854743,0.12452298096145904,0.12752482718595864,0.13075483809605604,0.13424347128081027,0.13802719987112283,0.14215013217822722,0.14666619851742674,0.1516421560610059,0.157161800006308,0.16333199893226547,0.17029156897464753,0.17822471432424503,0.18738210156335283,0.1981152914268504,0.21093586040701068,0.2266233385577028,0.24643822727457634,0.2725878207130874,0.30940107675820605,0.36700683813386126,0.4782926207233423,1.063248186660334]},"units":{"system":"CGS","length":0,"mass":0,"amount_of_substance":0,"time":0,"temperature":0,"electric_current":0,"light_intensity":0}}
